Word,Occurrences,Tag
analytics,4,asd
insights,4,asd
learning,4,asd
techniques,4,asd
actionable,4,asd
career,3,asd
scientist,3,asd
apply,3,asd
analysis,3,asd
experience,3,asd
across,3,asd
chain,3,asd
stakeholders,3,asd
analytical,3,asd
skills,3,asd
communication,3,asd
jewellery,3,asd
thailand,3,asd
consent,2,asd
valuable,2,asd
analytics,4,asd
insights,4,asd
learning,4,asd
techniques,4,asd
actionable,4,asd
career,3,asd
scientist,3,asd
apply,3,asd
analysis,3,asd
experience,3,asd
across,3,asd
chain,3,asd
stakeholders,3,asd
analytical,3,asd
skills,3,asd
communication,3,asd
jewellery,3,asd
thailand,3,asd
consent,2,asd
valuable,2,asd
